SensorID,Slope,Intercept
Sensor01,0.004287761,0.012863283
Sensor02,0.004462194,0.013386581
Sensor03,0.004482242,0.013446727
Sensor04,0.004184142,0.012552427
